{
  "train_loss": [
    0.6677186476287021,
    0.5554647221360155,
    0.4797606958496955,
    0.4065378532614759,
    0.35123029030779357,
    0.30933322845607675,
    0.2757776236982756,
    0.2622968974292919,
    0.25937502038094307,
    0.24334022947537,
    0.23614111222246642,
    0.2452984743861742,
    0.21653809262219295,
    0.21553559144658427,
    0.2254401086479105,
    0.21321030778269615,
    0.20726161666454807,
    0.21662202597625793,
    0.20485269774993262,
    0.1965525711896599,
    0.19444874153342298,
    0.18851575239371227,
    0.2031229014999123,
    0.18802138714380162,
    0.1941191330552101,
    0.20238668271290358,
    0.18742699488516776,
    0.1810131407873605,
    0.1850570037320096,
    0.19058773025710096,
    0.19115505167233046,
    0.17924668679955186,
    0.17254673248978072,
    0.17257394072830037,
    0.1875896376948203,
    0.18146783754389773,
    0.16856450291090114,
    0.17184030625127977,
    0.17334235675873294,
    0.16062732713837777,
    0.14858751888236693,
    0.14240707769509284,
    0.14855375974088586,
    0.1458275390248145,
    0.1442349519460432,
    0.13836679062856141,
    0.13639375166867368,
    0.13285031305846348,
    0.13387915163591343,
    0.1308704561764194,
    0.13519767399436683,
    0.13543497258296577,
    0.1324229608139684,
    0.13317987026386363,
    0.130479567313707,
    0.12863771072638933,
    0.11955775985474228,
    0.12030475798954246,
    0.11673616978429979,
    0.11756200996297662,
    0.11451916801192427,
    0.11310183481183103,
    0.11154497402810282,
    0.10918918131820617,
    0.11063885252161693,
    0.1101355469755588,
    0.1087920612064741,
    0.11095918114146879,
    0.10909883589834295,
    0.1077171752369532,
    0.10560315118361545,
    0.1070261674142012,
    0.1057151002028296,
    0.1024036442320193,
    0.10253408214738292,
    0.10409431243615766,
    0.10265873961390988,
    0.1032376987959749,
    0.10171215256215424,
    0.10126904374168764,
    0.10470126569271088,
    0.10104931342185185,
    0.1011699054750704,
    0.10042911475544335,
    0.10285257804457859,
    0.09975329554209145,
    0.09921482509823255,
    0.10021397062847691,
    0.1007937578664672,
    0.09877951286973492,
    0.09972881633908517,
    0.09829891557174344,
    0.09892033657399557,
    0.09880425853113975
  ],
  "train_dice": [
    0.3549722010890643,
    0.48870222574921063,
    0.49612568206684565,
    0.5356398312955775,
    0.5431419521249751,
    0.5623593654042931,
    0.5902393485910149,
    0.5997635818296864,
    0.5901855887264333,
    0.6159124691640178,
    0.6226563873470471,
    0.6045350075088521,
    0.6523243442017544,
    0.6523818338430056,
    0.6353925702071959,
    0.6557046758231296,
    0.6647157579339961,
    0.6490662857409446,
    0.6680128910849171,
    0.6818617521434702,
    0.6851847389692901,
    0.6942441553197881,
    0.6703152134213396,
    0.6942185496771207,
    0.6847066584453788,
    0.6709141827398731,
    0.6967724109849622,
    0.7055783303835059,
    0.6994108842906132,
    0.6910863871215492,
    0.6891473268949857,
    0.7091617475273788,
    0.7193927034254997,
    0.7196077909520877,
    0.694752174679951,
    0.7053502557739135,
    0.7255295489424018,
    0.7207566028641116,
    0.7178707968804144,
    0.7380147813468851,
    0.758638120466663,
    0.7681653012511551,
    0.7584696783814379,
    0.7637800817848533,
    0.7657289415277461,
    0.7753983095128049,
    0.7788142510639724,
    0.7845166530660403,
    0.7827607758583561,
    0.7885299523671468,
    0.7795096292931546,
    0.7799679694637176,
    0.7840959218240553,
    0.7832340197537535,
    0.7865714417990818,
    0.7899855022789329,
    0.8052363107281346,
    0.8035823946358055,
    0.8106179192502011,
    0.8089719158346935,
    0.8131936000239465,
    0.8160583094883991,
    0.8184474142648841,
    0.8230437328738551,
    0.8197878169757064,
    0.821346580020843,
    0.8235228305221886,
    0.8188676705924414,
    0.8228167519774489,
    0.824823397462086,
    0.8286370282532066,
    0.8264063160906556,
    0.8282726913370112,
    0.8342198832060701,
    0.8338855024307005,
    0.8312193546243893,
    0.8332384786298198,
    0.8324815361730514,
    0.8355276437215907,
    0.8363091875148075,
    0.8296771254590762,
    0.8360170241325132,
    0.8356410277787075,
    0.8369093620648949,
    0.8330415147607044,
    0.8381742085179975,
    0.8391140263567689,
    0.837599427469315,
    0.836201072380107,
    0.8399453483602052,
    0.8385668813541372,
    0.8406946082268992,
    0.8398689473828962,
    0.8394101608184076
  ],
  "val_loss": [
    0.5951718637012543,
    0.5308744448391511,
    0.5165035332587951,
    0.5406468807057263,
    0.31971823993851156,
    0.2838847167829779,
    0.31645464713879445,
    0.3369513976382699,
    0.3955325304186918,
    0.24130117654162933,
    0.33307859237818793,
    0.24164572350162875,
    0.23186784066299704,
    0.2365404821653417,
    0.29282184522897803,
    0.2415871707832112,
    0.21850574438903422,
    0.2335286349217522,
    0.2344751585932339,
    0.2046872361458559,
    0.2145034061236815,
    0.22686835462078053,
    0.21761943806301465,
    0.2177122279921955,
    0.21287749886990867,
    0.2059756890337735,
    0.23363016888419574,
    0.21737648403262072,
    0.24875719869200558,
    0.21392343356647595,
    0.2514665423230054,
    0.20211504610942646,
    0.20055957919454828,
    0.21740973625272353,
    0.2193478700470797,
    0.21242697935372112,
    0.22293937078771744,
    0.21280175885733435,
    0.20393048955954332,
    0.18339142912530645,
    0.20535526496363196,
    0.18077667519689244,
    0.18531330551374406,
    0.18871378826903787,
    0.19101755775232365,
    0.20701434116631268,
    0.19235685049371923,
    0.17805963157013777,
    0.17877253272476043,
    0.2026407881614996,
    0.18509062766072584,
    0.1792717007471916,
    0.17880326756500306,
    0.1797754400394817,
    0.1822712915466431,
    0.18185385117396952,
    0.18051875059936137,
    0.18584751114647657,
    0.17918123786940293,
    0.18950376285110565,
    0.18209022566437083,
    0.17722419282809937,
    0.1759778280707604,
    0.17888896087592937,
    0.17312621110103985,
    0.1736875686416014,
    0.17800413080077757,
    0.17920119048439884,
    0.17404228102236508,
    0.17801475859580831,
    0.1834619031711058,
    0.17801645792582454,
    0.17285461321393436,
    0.16982088102535767,
    0.1736298742938169,
    0.16418049600035112,
    0.17425214347832982,
    0.17588951151798116,
    0.16151031915516778,
    0.16825583824180665,
    0.16939540147622,
    0.164547837433968,
    0.1703410971770312,
    0.17260064077090453,
    0.16449723173590267,
    0.16563472884861544,
    0.16753741050945883,
    0.16687379669856262,
    0.16229381113447608,
    0.16460221683118434,
    0.16904843865550137,
    0.16841759815573054,
    0.16676676117959507,
    0.16623810089048854
  ],