{
  "train_loss": [
    1.1631358197635315,
    0.9898257097212702,
    0.9032673937583439,
    0.8631330658156885,
    0.816220491031628,
    0.7629804482720193,
    0.7144637496238958,
    0.6928345632467798,
    0.6697563264045817,
    0.6385366654086838,
    0.6074937464725992,
    0.5853785268815771,
    0.5648261630151268,
    0.5461054667430615,
    0.536437794192959,
    0.5111777875872332,
    0.39699155648034035,
    0.35389520517135564,
    0.3424385069454612,
    0.3194244463856404,
    0.3125651644706086,
    0.31017202776331915,
    0.2929259669335562,
    0.2894724087126566,
    0.28786245383628795,
    0.27192141086342936,
    0.2769260596623894,
    0.27273513883525546,
    0.26388482565530086,
    0.26090718681502534,
    0.2540418483843371,
    0.2537267975515831,
    0.19407198055978858,
    0.17889102794686482,
    0.1667265399627401,
    0.1725033506149616,
    0.15195028636394625,
    0.16119574237913092,
    0.16128324987683346,
    0.1518753384513204,
    0.1616820878001873,
    0.15203150049225161,
    0.15181377188307574,
    0.15409023549502684,
    0.14181428532114448,
    0.13981407277089458,
    0.1476518054865967,
    0.14712717567157327,
    0.11565896017187023,
    0.10420834148437624,
    0.10377521270886897,
    0.10959901098367693,
    0.10472191588483311,
    0.10024576797899798,
    0.10371914117060575,
    0.09070943159860108,
    0.09299492562266337,
    0.08746553870848478,
    0.08158783956311313,
    0.07889818473305046,
    0.0803527202963669,
    0.07708015499993899,
    0.07611982299946665,
    0.07259392449355306,
    0.0726930119422321,
    0.07572753040179567,
    0.07774339926631935,
    0.07598428797994762,
    0.07142942258510247,
    0.0732732348815473,
    0.06764505602159472,
    0.06317298791325678,
    0.06467984236053347,
    0.06700954894018352,
    0.06113642188167484,
    0.06324412173688185,
    0.05728423272092199,
    0.0617560083137928
  ],
  "train_acc": [
    43.35867620751342,
    50.23479427549195,
    53.7567084078712,
    54.885957066189626,
    56.45125223613596,
    58.788014311270125,
    59.79427549194991,
    61.52728085867621,
    61.99686940966011,
    63.02549194991055,
    64.27772808586762,
    64.82558139534883,
    65.86538461538461,
    67.09525939177102,
    67.10644007155635,
    67.97853309481216,
    74.07200357781753,
    75.9727191413238,
    76.88953488372093,
    77.83989266547407,
    78.22003577817532,
    79.13685152057245,
    78.82379248658319,
    79.29338103756709,
    80.06484794275492,
    80.14311270125224,
    80.43381037567084,
    80.44499105545617,
    80.8922182468694,
    81.66368515205724,
    81.49597495527728,
    81.67486583184258,
    85.2638640429338,
    86.28130590339893,
    87.28756708407872,
    87.16457960644007,
    88.31618962432916,
    87.69007155635063,
    87.90250447227191,
    88.5509838998211,
    87.8577817531306,
    88.69633273703042,
    88.40563506261181,
    88.52862254025045,
    89.054114490161,
    89.12119856887298,
    88.37209302325581,
    88.72987477638641,
    91.10017889087656,
    91.78220035778175,
    91.84928443649373,
    91.31261180679785,
    91.81574239713774,
    91.8716457960644,
    91.7262969588551,
    92.63193202146691,
    92.3412343470483,
    92.91144901610018,
    93.6381932021467,
    93.45930232558139,
    93.53756708407872,
    93.73881932021467,
    93.69409660107334,
    94.15250447227191,
    94.3313953488372,
    93.75,
    94.00715563506262,
    93.8953488372093,
    94.2531305903399,
    94.08542039355993,
    94.47674418604652,
    94.82334525939177,
    94.49910554561717,
    94.82334525939177,
    94.90161001788908,
    94.47674418604652,
    95.23703041144901,
    95.08050089445439
  ],
  "val_loss": [
    1.1403983909497286,
    0.9794893218553002,
    0.8803940998811985,
    0.8356027683631622,
    0.8017314706867604,
    0.815466284603312,
    0.8410298822251765,
    0.8243160415673213,
    0.8203359057831308,
    0.7981394286924863,
    0.7382572619792294,
    0.8133018705296644,
    0.7671617955341271,
    0.8138706911481426,
    0.842680438263956,
    0.8178605882055832,
    0.7719492850544373,
    0.8529736157748458,
    0.7968902570875519,
    0.77283318463803,
    0.7900318640545501,
    0.8594009705456481,
    0.8172321772856933,
    0.8342101730567315,
    0.8404286583975197,
    0.8302978828745278,
    0.9733973735156544,
    0.7965706545583997,
    0.89075475505432,
    0.8190197063860635,
    0.8847337552172393,
    0.9011489481726618,
    0.8345161697145804,
    0.8177176625426334,
    0.8216825422379329,
    0.8934892176114249,
    0.889087997126242,
    0.896157709392553,
    0.9300593445359757,
    0.8525522369858203,
    0.8970310541397748,
    0.9372840624430454,
    0.9290046654934223,
    0.9073932107891589,
    0.9588202331007629,
    0.9162920767423443,
    0.9307473626856422,
    0.9270354155527775,
    0.8708971159828581,
    0.9209841306557058,
    0.8934978107234286,
    0.8900188337289354,
    0.8831346493476666,
    0.8864571574022048,
    0.9501156604352013,
    0.8671467503895501,
    0.9195279710009526,
    0.8791733730719059,
    0.9008266456824032,
    0.8917669139527707,
    0.9314471656090224,
    0.8973867901851574,
    0.892756724735685,
    0.9164146485257232,
    0.9222187783650858,
    0.9320732259358414,
    0.8951124588131146,
    0.872386165362165,
    0.9587785317504417,
    0.9045953443759485,
    0.9080646794097192,
    0.9161776009999563,
    0.9105945781336885,
    0.9117475461333375,
    0.9288125012952705,
    0.9425250457332274,
    0.9398032202685846,
    0.9375748578473032
  ],
  "val_acc": [
    45.811051693404636,
    52.22816399286988,
    59.53654188948306,
    58.46702317290553,
    55.79322638146168,
    59.71479500891266,
    56.14973262032086,
    59.35828877005348,
    56.86274509803921,
    63.992869875222816,
    63.81461675579323,
    59.71479500891266,
    60.249554367201426,
    60.071301247771835,
    59.001782531194294,
    61.14081996434938,
    63.101604278074866,
    63.992869875222816,
    63.63636363636363,
    63.81461675579323,
    65.24064171122996,
    62.56684491978609,
    63.81461675579323,
    63.45811051693404,
    62.38859180035651,
    66.66666666666666,
    63.45811051693404,
    60.60606060606061,
    62.92335115864528,
    65.59714795008912,
    63.27985739750446,
    62.56684491978609,
    64.88413547237076,
    65.41889483065954,
    65.9536541889483,
    64.1711229946524,
    64.70588235294117,
    66.84491978609626,
    64.1711229946524,
    66.48841354723707,
    65.41889483065954,
    67.37967914438502,
    64.52762923351159,
    65.41889483065954,
    63.81461675579323,
    65.24064171122996,
    67.02317290552585,
    63.81461675579323,
    67.9144385026738,
    67.37967914438502,
    68.27094474153299,
    65.77540106951871,
    67.7361853832442,
    65.77540106951871,
    66.1319073083779,
    67.37967914438502,
    68.27094474153299,
    67.7361853832442,
    68.62745098039215,
    68.62745098039215,
    67.20142602495544,
    68.44919786096256,
    69.16221033868094,
    66.84491978609626,
    66.48841354723707,
    65.41889483065954,
    67.02317290552585,
    68.09269162210339,
    65.9536541889483,
    68.44919786096256,
    66.84491978609626,
    67.7361853832442,
    68.62745098039215,
    67.5579322638146,
    66.84491978609626,
    67.02317290552585,
    66.48841354723707,
    67.7361853832442
  ]
}